Code,Name,Type,Latitude,Longitude,Date_Opened,Date_Closed,Species
ABD,Aberdeen,URBAN_BACKGROUND,57.15736000,-2.094278000,19990918,0,"CO,NO,NO2,NOx,O3,PM10,PM2p5,SO2,nvPM10,nvPM2p5,vPM10,vPM2p5"
ABD7,Aberdeen_Union_St_Roadside,URBAN_TRAFFIC,57.14455500,-2.106472000,20080101,0,"NO,NO2,NOx"
ABD8,Aberdeen_Wellington_Road,URBAN_TRAFFIC,57.13388800,-2.094198000,20160209,0,"NO,NO2,NOx"
ARM6,Armagh_Roadside,URBAN_TRAFFIC,54.35372800,-6.654558000,20090101,0,"NO,NO2,NOx,PM10,nvPM10,vPM10"
AH,Aston_Hill,RURAL_BACKGROUND,52.50385000,-3.034178000,19860626,0,"NO,NO2,NOx,O3"
ACTH,Auchencorth_Moss,RURAL_BACKGROUND,55.79216000,-3.242900000,20060101,0,"C5H8,O3,PM10,PM2p5,nvPM10,nvPM2p5,vPM10,vPM2p5,MARGA"
BAAR,Ballymena_Antrim_Road,URBAN_TRAFFIC,54.85149100,-6.274961000,20170401,0,"NO,NO2,NOx"
BALM,Ballymena_Ballykeel,URBAN_BACKGROUND,54.86159500,-6.250873000,20100101,0,"SO2,NO,NO2,NOx"
BAR3,Barnsley_Gawber,URBAN_BACKGROUND,53.56292000,-1.510436000,19970707,0,"CO,NO,NO2,NOx,O3,SO2"
BPLE,Barnstaple_A39,URBAN_TRAFFIC,51.07479300,-4.041924000,20131114,0,"PM10,PM2p5,nvPM10,nvPM2p5,vPM10,vPM2p5"
BHA4,Bath_A4_Roadside,URBAN_TRAFFIC,51.39092200,-2.355030000,20191024,0,"NO,NO2,NOx"
BEL2,Belfast_Centre,URBAN_BACKGROUND,54.59965000,-5.928833000,19920308,0,"CO,NO,NO2,NOx,O3,PM10,PM2p5,SO2,nvPM10,nvPM2p5,vPM10,vPM2p5"
BEL1,Belfast_Stockmans_Lane,URBAN_TRAFFIC,54.57258600,-5.974944000,20140607,0,"NO,NO2,NOx,PM10"
BIL,Billingham,URBAN_INDUSTRIAL,54.60537000,-1.275039000,19870101,0,"NO,NO2,NOx"
BBRD,Birkenhead_Borough_Road,URBAN_TRAFFIC,53.38851100,-3.025014000,20160818,0,"NO,NO2,NOx"
BIRR,Birmingham_A4540_Roadside,URBAN_TRAFFIC,52.47609000,-1.875024000,20160909,0,"NO,NO2,NOx,O3,PM10,PM2p5,vnPM10,nvPM2p5,vPM10,vPM2p5"
AGRN,Birmingham_Acocks_Green,URBAN_BACKGROUND,52.43716500,-1.829999000,20110318,0,"NO,NO2,NOx,O3,PM2p5,SO2,nvPM2p5,vPM2p5"
BMLD,Birmingham_Ladywood,URBAN_BACKGROUND,52.48134600,-1.918235000,20180823,0,"NO,NO2,NOx,O3,PM2p5,PM10,SO2,nvPM10,nvPM2p5,vPM10,vPM2p5"
BIR1,Birmingham_Tyburn,URBAN_BACKGROUND,52.51172200,-1.830583000,20040816,0,"CO,NO,NO2,NOx,O3,PM10,PM2p5,SO2,nvPM10,nvPM2p5,vPM10,vPM2p5"
BIRT,Birmingham_Tyburn_Roadside,URBAN_TRAFFIC,52.51219400,-1.830861000,20090211,0,"NO,NO2,NOx,O3,PM10,PM2p5,nvPM10,nvPM2p5,vPM10,vPM2p5"
BLAR,Blackburn_Accrington_Road,URBAN_TRAFFIC,53.74775100,-2.452724000,20140512,0,"NO,NO2,NOx"
BLC2,Blackpool_Marton,URBAN_BACKGROUND,53.80489000,-3.007175000,20050614,0,"CO,NO,NO2,NOx,O3,PM10,PM2p5,SO2,nvPM10,nvPM2p5,vPM10,vPM2p5"
BDMP,Borehamwood_Meadow_Park,URBAN_BACKGROUND,51.66122900,-0.270671000,20171001,0,"NO,NO2,NOx"
BOT,Bottesford,RURAL_BACKGROUND,52.93028000,-0.814722000,19771001,0,O3
BORN,Bournemouth,URBAN_BACKGROUND,50.73957000,-1.826744000,20010305,0,"CO,NO,NO2,NOx,O3,PM10,PM2p5,SO2"
BDMA,Bradford_Mayo_Avenue,URBAN_TRAFFIC,53.77124500,-1.759774000,20150424,0,"NO,NO2,NOx"
BRT3,Brighton_Preston_Park,URBAN_BACKGROUND,50.84083600,-0.147572000,20041103,0,"NO,NO2,NOx,O3,PM2p5"
BRS8,Bristol_St_Pauls,URBAN_BACKGROUND,51.46283900,-2.584482000,20060615,0,"CO,NO,NO2,NOx,O3,PM10,PM2p5,SO2,nvPM10,nvPM2p5,vPM10,vPM2p5"
BR11,Bristol_Temple_Way,URBAN_TRAFFIC,51.45796800,-2.583975000,20170401,0,"NO,NO2,NOx"
BOTR,Burton-on-Trent_Horninglow,URBAN_BACKGROUND,52.82105000,-1.635718000,20180201,0,"NO,NO2,NOx"
BURW,Bury_Whitefield_Roadside,URBAN_TRAFFIC,53.55902900,-2.293772000,20150101,0,"NO,NO2,NOx,PM10,PM2p5,nvPM10,vPM10,nvPM2p5,vPM2p5"
BUSH,Bush_Estate,RURAL_BACKGROUND,55.86228100,-3.205782000,19860401,0,"NO,NO2,NOx,O3"
CAM,Cambridge_Roadside,URBAN_TRAFFIC,52.20237000,0.124456000,19990626,0,"NO,NO2,NOx"
CA1,Camden_Kerbside,URBAN_TRAFFIC,51.54421000,-0.175269000,19960516,0,"NO,NO2,NOx,PM10,PM2p5,nvPM10,nvPM2p5,vPM10,vPM2p5"
CANK,Cannock_A5190_Roadside,URBAN_TRAFFIC,52.68729800,-1.980821000,20160810,0,"NO,NO2,NOx"
CANR,Cannock_Watling_Street,URBAN_TRAFFIC,52.67476700,-2.030882000,20141201,20141201,"NO,NO2,NOx"
CANT,Canterbury,URBAN_BACKGROUND,51.27399000,1.098061000,20010201,0,"NO,NO2,NOx,O3,PM10"
CARD,Cardiff_Centre,URBAN_BACKGROUND,51.48178000,-3.176250000,19920512,0,"CO,NO,NO2,NOx,O3,PM10,PM2p5,SO2,nvPM10,nvPM2p5,vPM10,vPM2p5"
CNPR,Cardiff_Newport_Road,URBAN_TRAFFIC,51.49096000,-3.152305000,20180401,0,"NO,NO2,NOx,PM10"
CARL,Carlisle_Roadside,URBAN_TRAFFIC,54.89483400,-2.945307000,20080214,0,"NO,NO2,NOx,PM10,PM2p5,nvPM10,nvPM2p5,vPM10,vPM2p5"
MACK,Charlton_Mackrell,RURAL_BACKGROUND,51.05625000,-2.683450000,20080903,0,"NO,NO2,NOx,O3"
CHAT,Chatham_Roadside,URBAN_TRAFFIC,51.37426400,0.547970000,20100701,0,"NO,NO2,NOx,PM10,PM2p5,nvPM10,nvPM2p5,vPM10,vPM2p5"
CHP,Chepstow_A48,URBAN_TRAFFIC,51.63809400,-2.678731000,20080101,0,"NO,NO2,NOx,PM10,PM2p5,nvPM10,nvPM2p5,vPM10,vPM2p5"
CHLG,Chesterfield_Loundsley_Green,URBAN_BACKGROUND,53.24413100,-1.454946000,20150301,0,"NO,NO2,NOx,PM10,PM2p5,nvPM10,nvPM2p5,vPM10,vPM2p5"
CHS7,Chesterfield_Roadside,URBAN_TRAFFIC,53.23172200,-1.456944000,20080311,0,"NO,NO2,NOx,PM10,PM2p5,nvPM10,nvPM2p5,vPM10,vPM2p5"
CHBO,Chilbolton_Observatory,RURAL_BACKGROUND,51.14961700,-1.438228000,20160111,0,"C5H8,NO,NO2,NOx,O3,PM10,PM2p5,SO2,nvPM10,nvPM2p5,vPM10,vPM2p5"
CHBR,Christchurch_Barrack_Road,URBAN_TRAFFIC,50.73545400,-1.780888000,20160901,0,"NO,NO2,NOx"
COAL,Coventry_Allesley,URBAN_BACKGROUND,52.41156300,-1.560228000,20140617,0,"NO,NO2,NOx,O3,PM2p5,nvPM2p5,vPM2p5"
COV3,Coventry_Memorial_Park,URBAN_BACKGROUND,52.39439900,-1.519612000,20010226,20140610,"CO,NO,NO2,NOx,O3,PM10,PM2p5,SO2,nvPM10,nvPM2p5,vPM10,vPM2p5"
COBR,Coventry_Binley_Road,URBAN_TRAFFIC,52.40770800,-1.490082000,20170401,0,"NO,NO2,NOx,PM10,nvPM10,vPM10"
COPP,Crewe_Copenhall,URBAN_BACKGROUND,53.11594100,-2.453492000,20191015,0,"NO,NO2,NOx"
CWMB,Cwmbran,URBAN_BACKGROUND,51.65380000,-3.006953000,20010720,0,"CO,NO,NO2,NOx,O3,PM10,SO2"
DESA,Derby_St_Alkmunds_Way,URBAN_TRAFFIC,52.92298300,-1.469507000,20170101,0,"NO,NO2,NOx"
DERR,Derry_Rosemount,URBAN_BACKGROUND,55.00281800,-7.331179000,20160321,0,"NO,NO2,NOx,O3,PM10,PM2p5,SO2,nvPM10,nvPM2p5,vPM10,vPM2p5"
DYAG,Dewsbury_Ashworth_Grove,URBAN_BACKGROUND,53.69310400,-1.637111000,20180401,0,"NO,NO2,NOx"
DCST,Doncaster_A630_Cleveland_Street,URBAN_TRAFFIC,53.51886800,-1.138073000,20150507,0,"NO,NO2,NOx"
DUMB,Dumbarton_Roadside,URBAN_TRAFFIC,55.94319700,-4.559730000,20100901,0,"NO,NO2,NOx"
DUMF,Dumfries,URBAN_TRAFFIC,55.07003300,-3.614233000,20010301,0,"CO,NO,NO2,NOx,PM10"
DCC1,Dundee_Mains_Loan,URBAN_BACKGROUND,56.47543400,-2.959861000,20171003,0,"NO,NO2,NOx"
EA8,Ealing_Horn_Lane,URBAN_TRAFFIC,51.51895000,-0.265617000,20140515,0,"PM10,nvPM10,vPM10"
EB,Eastbourne,URBAN_BACKGROUND,50.80577800,0.271611000,20090701,0,"NO,NO2,NOx,PM10,PM2p5,nvPM10,nvPM2p5,vPM10,vPM2p5"
EDNS,Edinburgh_Nicolson_Street,URBAN_TRAFFIC,55.94476000,-3.183991000,20171201,0,"NO,NO2,NOx"
ED3,Edinburgh_St_Leonards,URBAN_BACKGROUND,55.94558900,-3.182186000,20031124,0,"CO,NO,NO2,NOx,O3,PM10,PM2p5,SO2,nvPM10,nvPM2p5,vPM10,vPM2p5"
ESK,Eskdalemuir,RURAL_BACKGROUND,55.31531000,-3.206111000,19860423,0,"NO,NO2,NOx,O3"
EX,Exeter_Roadside,URBAN_TRAFFIC,50.72508300,-3.532465000,19960702,0,"CO,NO,NO2,NOx,O3,SO2"
FW,Fort_William,SUBURBAN_BACKGROUND,56.82266000,-5.101102000,20060622,0,"NO,NO2,NOx,O3"
GGWR,Glasgow_Great_Western_Road,URBAN_TRAFFIC,55.87203800,-4.270936000,20140605,0,"NO,NO2,NOx"
GHSR,Glasgow_High_Street,URBAN_TRAFFIC,55.86093600,-4.238214000,20150127,0,"NO,NO2,NOx,PM10,PM2p5,nvPM10,vPM10,nvPM2p5,vPM2p5"
GLA4,Glasgow_Kerbside,URBAN_TRAFFIC,55.85917000,-4.258889000,19970310,0,"CO,NO,NO2,NOx,PM10,PM2p5,nvPM10,nvPM2p5,vPM10,vPM2p5"
GLKP,Glasgow_Townhead,URBAN_BACKGROUND,55.86578200,-4.243631000,20131007,0,"NO,NO2,NOx,O3,PM10,PM2p5,nvPM10,nvPM2p5,vPM10,vPM2p5"
GLAZ,Glazebury,RURAL_BACKGROUND,53.46008000,-2.472056000,19880401,0,"NO,NO2,NOx,O3"
GRAN,Grangemouth,URBAN_INDUSTRIAL,56.01031900,-3.704399000,20010101,0,"CO,NO,NO2,NOx,PM10,PM2p5,SO2,nvPM10,nvPM2p5,vPM10,vPM2p5"
GRA2,Grangemouth_Moray,URBAN_INDUSTRIAL,56.01314200,-3.710833000,20090601,0,"NO,NO2,NOx"
GDF,Great_Dun_Fell,RURAL_BACKGROUND,54.68423300,-2.450799000,19860509,0,O3
GKA8,Greenock_A8_Roadside,URBAN_TRAFFIC,55.94407900,-4.734421000,20160504,0,"NO,NO2,NOx"
CAE6,Haford-yr-yrns_Roadside,URBAN_TRAFFIC,51.68057900,-3.133508000,20141125,0,"NO,NO2,NOx"
HG1,Haringey_Roadside,URBAN_TRAFFIC,51.59930000,-0.068218000,19960516,0,"NO,NO2,NOx,PM10,PM2p5,nvPM10,nvPM2p5,vPM10,vPM2p5"
HSAW,Hartlepool_St_Abbs_Walk,URBAN_BACKGROUND,54.68324200,-1.203838000,20171017,0,"NO,NO2,NOx"
HM,High_Muffles,RURAL_BACKGROUND,54.33494400,-0.808550000,19870716,0,"NO,NO2,NOx,O3"
HONI,Honiton,URBAN_BACKGROUND,50.79228700,-3.196702000,20120527,0,"NO,NO2,NOx"
HORE,Horley,SUBURBAN_INDUSTRIAL,51.16586500,-0.167734000,20071121,0,"NO,NO2,NOx"
HUL2,Hull_Freetown,URBAN_BACKGROUND,53.74878000,-0.341222000,20021106,0,"CO,NO,NO2,NOx,O3,PM10,PM2p5,SO2,nvPM10,nvPM2p5,vPM10,vPM2p5"
HULR,Hull_Holderness_Road,URBAN_TRAFFIC,53.75897100,-0.305749000,20150101,0,"NO,NO2,NOx,PM10,nvPM10,vPM10"
IMGM,Immingham_Woodlands_Avenue,URBAN_BACKGROUND,53.61924100,-0.213324000,20171101,0,"NO,NO2,NOx"
INV2,Inverness,URBAN_TRAFFIC,57.48130800,-4.241451000,20010717,0,"CO,NO,NO2,NOx,PM10,PM2p5"
LB,Ladybower,RURAL_BACKGROUND,53.40337000,-1.752006000,19880715,0,"NO,NO2,NOx,O3,SO2"
LEAM,Leamington_Spa,URBAN_BACKGROUND,52.28881000,-1.533119000,19960726,0,"CO,NO,NO2,NOx,O3,PM10,PM2p5,SO2,nvPM10,nvPM2p5,vPM10,vPM2p5"
LEAR,Leamington_Spa_Rugby_Road,URBAN_TRAFFIC,52.29488400,-1.542911000,20120410,0,"NO,NO2,NOx,PM10,PM2p5,nvPM10,nvPM2p5,vPM10,vPM2p5"
LEED,Leeds_Centre,URBAN_BACKGROUND,53.80378000,-1.546472000,19930104,0,"CO,NO,NO2,NOx,O3,PM10,PM2p5,SO2,nvPM10,nvPM2p5,vPM10,vPM2p5"
LED6,Leeds_Headingley_Kerbside,URBAN_TRAFFIC,53.81997200,-1.576361000,20080217,0,"NO,NO2,NOx,PM10,PM2p5,nvPM10,nvPM2p5,vPM10,vPM2p5"
LEIR,Leicester_A594_Roadside,URBAN_TRAFFIC,52.63867700,-1.124228000,20150501,0,"NO,NO2,NOx,PM10,nvPM10,vPM10"
LECU,Leicester_University,URBAN_BACKGROUND,52.61982300,-1.127311000,20130927,0,"NO,NO2,NOx,O3,PM2p5,nvPM2p5,vPM2p5"
LEOM,Leominster,SUBURBAN_BACKGROUND,52.22174000,-2.736665000,20050718,0,"NO,NO2,NOx,O3,SO2"
LERW,Lerwick,RURAL_BACKGROUND,60.13922000,-1.185319000,20050525,0,O3
LIN3,Lincoln_Canwick_Rd,URBAN_TRAFFIC,53.22137300,-0.534189000,20110727,0,"NO,NO2,NOx"
LV6,Liverpool_Queens_Drive_Roadside,URBAN_TRAFFIC,53.44694400,-2.962500000,20080101,0,"NO,NO2,NOx"
LVP,Liverpool_Speke,URBAN_INDUSTRIAL,53.34633000,-2.844333000,19951124,0,"CO,NO,NO2,NOx,O3,PM10,PM2p5,SO2,nvPM10,nvPM2p5,vPM10,vPM2p5"
BEX,London_Bexley,SUBURBAN_BACKGROUND,51.46603000,0.184806000,19940501,0,"CO,NO,NO2,NOx,O3,PM10,PM2p5,SO2,nvPM2p5,vPM2p5"
CLL2,London_Bloomsbury,URBAN_BACKGROUND,51.52229000,-0.125889000,19920123,0,"CO,NO,NO2,NOx,O3,PM10,PM2p5,SO2,nvPM10,nvPM2p5,vPM10,vPM2p5"
LON6,London_Eltham,SUBURBAN_BACKGROUND,51.45258000,0.070766000,19960401,0,"C5H8,NO,NO2,NOx,O3,PM10,PM2p5,SO2,nvPM2p5,vPM2p5"
HG4,London_Haringey_Prior_Park_S,URBAN_BACKGROUND,51.58412800,-0.125254000,20121026,0,"NO,NO2,NOx,O3"
HRL,London_Harlington,URBAN_INDUSTRIAL,51.48879000,-0.441614000,20040101,0,"CO,NO,NO2,NOx,O3,PM10,PM2p5,nvPM10,nvPM2p5,vPM10,vPM2p5"
HR3,London_Harrow_Stanmore,URBAN_BACKGROUND,51.61733300,-0.298777000,20081216,0,"PM2p5,nvPM2p5,vPM2p5"
HIL,London_Hillingdon,URBAN_BACKGROUND,51.49633000,-0.460861000,19960802,0,"CO,NO,NO2,NOx,O3,PM10,SO2"
HP1,London_Honor_Oak_Park,URBAN_BACKGROUND,51.44967400,-0.037418000,20190101,0,"PM10,PM2p5"
MY1,London_Marylebone_Road,URBAN_TRAFFIC,51.52253000,-0.154611000,19970901,0,"CO,NO,NO2,NOx,O3,PM10,PM2p5,SO2,nvPM10,nvPM2p5,vPM10,vPM2p5"
KC1,London_N._Kensington,URBAN_BACKGROUND,51.52105000,-0.213492000,19960401,0,"C5H8,CO,NO,NO2,NOx,O3,PM10,PM2p5,SO2,nvPM10,nvPM2p5,vPM10,vPM2p5"
TED,London_Teddington,URBAN_BACKGROUND,51.42099000,-0.339647000,19960808,0,"NO,NO2,NOx,O3,PM2p5,SO2,nvPM2p5,vPM2p5"
TED2,London_Teddington_Bushy_Park,URBAN_BACKGROUND,51.42528600,-0.345606000,20130809,0,"PM2p5,nvPM2p5,vPM2p5"
HORS,London_Westminster,URBAN_BACKGROUND,51.49467000,-0.131931000,20010717,0,"CO,NO,NO2,NOx,O3,PM10,PM2p5,SO2"
LN,Lough_Navar,RURAL_BACKGROUND,54.43951000,-7.900328000,19870402,0,"O3,PM10,nvPM10,vPM10"
LH,Lullington_Heath,RURAL_BACKGROUND,50.79370000,0.181250000,19861004,0,"NO,NO2,NOx,O3,SO2"
LUTR,Luton_A505,URBAN_TRAFFIC,51.89229300,-0.462110000,20150301,0,"NO,NO2,NOx"
MH,Mace_Head,RURAL_BACKGROUND,53.32644400,-9.903917000,19870403,0,O3
MAHG,Manchester_Sharston,SUBURBAN_INDUSTRIAL,53.37130600,-2.239218000,20160127,0,"NO,NO2,NOx,O3"
MAN3,Manchester_Piccadilly,URBAN_BACKGROUND,53.48152000,-2.237881000,19951218,0,"CO,NO,NO2,NOx,O3,PM10,PM2p5,SO2,nvPM10,nvPM2p5,vPM10,vPM2p5"
MAN4,Manchester_South,SUBURBAN_INDUSTRIAL,53.36902600,-2.243280000,19961206,0,"NO,NO2,NOx,O3,SO2"
MKTH,Market_Harborough,RURAL_BACKGROUND,52.55444400,-0.772222000,20031210,0,"CO,NO,NO2,NOx,O3"
MID,Middlesbrough,URBAN_INDUSTRIAL,54.56929700,-1.220874000,19930101,0,"CO,NO,NO2,NOx,O3,PM10,PM2p5,SO2,nvPM10,nvPM2p5,vPM10,vPM2p5"
PEMB,Narberth,RURAL_BACKGROUND,51.78178400,-4.691462000,19970120,0,"NO,NO2,NOx,O3,PM10,SO2,nvPM10,vPM10"
NEWC,Newcastle_Centre,URBAN_BACKGROUND,54.97825000,-1.610528000,19920308,0,"CO,NO,NO2,NOx,O3,PM10,PM2p5,SO2,nvPM10,nvPM2p5,vPM10,vPM2p5"
NCA3,Newcastle_Cradlewell_Roadside,URBAN_TRAFFIC,54.98640500,-1.595362000,20080310,0,"NO,NO2,NOx"
NPT3,Newport,URBAN_BACKGROUND,51.60120300,-2.977281000,20080101,0,"NO,NO2,NOx,PM10,PM2p5,nvPM10,nvPM2p5,vPM10,vPM2p5"
NTN3,Northampton_Kingsthorpe,URBAN_BACKGROUND,52.27188600,-0.879898000,20120709,0,"NO,NO2,NOx,O3,PM2p5,SO2"
NTN4,Northampton_Spring_Park,URBAN_BACKGROUND,52.27225700,-0.916605000,20170327,0,"NO,NO2,NOx,O3,PM2p5"
NO12,Norwich_Lakenfields,URBAN_BACKGROUND,52.61419300,1.301976000,20090901,0,"NO,NO2,NOx,O3,PM10,PM2p5,SO2,nvPM10,nvPM2p5,vPM10,vPM2p5"
NOTT,Nottingham_Centre,URBAN_BACKGROUND,52.95473000,-1.146447000,19960902,0,"CO,NO,NO2,NOx,O3,PM10,PM2p5,SO2,nvPM10,nvPM2p5,vPM10,vPM2p5"
NWBV,Nottingham_Western_Boulevard,URBAN_TRAFFIC,52.96937700,-1.188851000,20160301,0,"NO,NO2,NOx,PM10,vPM10,nvPM10,PM10_T,PM10_p"
BOLD,Oldbury_Birmingham_Road,URBAN_TRAFFIC,52.50243600,-2.003497000,20140708,0,"NO,NO2,NOx"
OX,Oxford_Centre_Roadside,URBAN_TRAFFIC,51.75174500,-1.257463000,19960415,0,"CO,NO,NO2,NOx,SO2"
OX8,Oxford_St_Ebbes,URBAN_BACKGROUND,51.74480600,-1.260278000,20080101,0,"NO,NO2,NOx,PM10,PM2p5,nvPM10,nvPM2p5,vPM10,vPM2p5"
PEEB,Peebles,URBAN_BACKGROUND,55.65747200,-3.196527000,20091106,0,"NO,NO2,NOx,O3"
PLYM,Plymouth_Centre,URBAN_BACKGROUND,50.37167000,-4.142361000,19970929,0,"CO,NO,NO2,NOx,O3,PM10,PM2p5,SO2,nvPM10,nvPM2p5,vPM10,vPM2p5"
PLYR,Plymouth_Tavistock_Road,URBAN_TRAFFIC,50.41105800,-4.130288000,20170101,0,"NO,NO2,NOx"
PT4,Port_Talbot_Margam,URBAN_INDUSTRIAL,51.58395000,-3.770822000,20070724,0,"CO,NO,NO2,NOx,O3,PM10,PM2p5,SO2,nvPM10,nvPM2p5,vPM10,vPM2p5"
PMTH,Portsmouth,URBAN_BACKGROUND,50.82881000,-1.068583000,20010101,0,"CO,NO,NO2,NOx,O3,PM10,PM2p5,SO2,nvPM10,nvPM2p5,vPM10,vPM2p5"
POAR,Portsmouth_Anglesea_Road,URBAN_TRAFFIC,50.79833900,-1.095558000,20180101,0,"NO,NO2,NOx,PM10"
PRES,Preston,URBAN_BACKGROUND,53.76559000,-2.680353000,20000606,0,"CO,NO,NO2,NOx,O3,PM10,PM2p5,SO2,nvPM10,nvPM2p5,vPM10,vPM2p5"
REA1,Reading_New_Town,URBAN_BACKGROUND,51.45309000,-0.944067000,20031017,0,"CO,NO,NO2,NOx,O3,PM10,PM2p5,SO2,nvPM10,nvPM2p5,vPM10,vPM2p5"
REA5,Reading_London_Road,URBAN_TRAFFIC,51.45489600,-0.940382000,20160304,0,"NO,NO2,NOx"
ROCH,Rochester_Stoke,RURAL_BACKGROUND,51.45617000,0.634889000,19960126,0,"NO,NO2,NOx,O3,PM10,PM2p5,SO2,nvPM10,nvPM2p5,vPM10,vPM2p5"
ECCL,Salford_Eccles,URBAN_BACKGROUND,53.48481000,-2.334139000,19970320,0,"CO,NO,NO2,NOx,O3,PM10,PM2p5,SO2,nvPM10,nvPM2p5,vPM10,vPM2p5"
SASH,Saltash_Callington_Road,URBAN_TRAFFIC,50.41146300,-4.227678000,20130101,0,"PM10,PM2p5,nvPM10,nvPM2p5,vPM10,vPM2p5"
SDY,Sandy_Roadside,URBAN_TRAFFIC,52.13241700,-0.300306000,20090127,0,"NO,NO2,NOx,PM10,PM2p5,nvPM10,nvPM2p5,vPM10,vPM2p5"
SCN2,Scunthorpe_Town,URBAN_INDUSTRIAL,53.58634000,-0.636811000,20040606,0,"NO,NO2,NOx,PM10,SO2,nvPM10,vPM10"
CW,Shaw_Crompton_Way,URBAN_TRAFFIC,53.57928300,-2.093786000,20140224,0,"NO,NO2,NOx"
SHBR,Sheffield_Barnsley_Road,URBAN_BACKGROUND,53.40495000,-1.455815000,20160801,0,"NO,NO2,NOx"
SHDG,Sheffield_Devonshire_Green,URBAN_BACKGROUND,53.37862200,-1.478096000,20131031,0,"NO,NO2,NOx,O3,PM10,PM2p5,nvPM10,nvPM2p5,vPM10,vPM2p5"
SHE,Sheffield_Tinsley,URBAN_BACKGROUND,53.41058000,-1.396139000,19901128,0,"CO,NO,NO2,NOx"
SIB,Sibton,RURAL_BACKGROUND,52.29440000,1.463497000,19730701,0,"NO,NO2,NOx,O3,SO2"
SA33,Southampton_A33,URBAN_TRAFFIC,50.92026500,-1.463484000,20160101,0,"NO,NO2,NOx,PM10,nvPM10,vPM10"
SOUT,Southampton_Centre,URBAN_BACKGROUND,50.90814000,-1.395778000,19940104,0,"CO,NO,NO2,NOx,O3,PM10,PM2p5,SO2,nvPM10,nvPM2p5,vPM10,vPM2p5"
SEND,Southend-on-Sea,URBAN_BACKGROUND,51.54420600,0.678408000,20000724,0,"CO,NO,NO2,NOx,O3,PM10,PM2p5,SO2,nvPM10,nvPM2p5,vPM10,vPM2p5"
SK5,Southwark_A2_Old_Kent_Rd,URBAN_TRAFFIC,51.48049900,-0.059550000,20110101,0,"NO,NO2,NOx,PM10,nvPM10,vPM10"
SHLW,St_Helens_Linkway,URBAN_TRAFFIC,53.45182600,-2.742134000,20160927,0,"NO,NO2,NOx"
OSY,St_Osyth,RURAL_BACKGROUND,51.77798000,1.049031000,20020511,0,"CO,NO,NO2,NOx,O3"
HOPE,Stanford-le-Hope_Roadside,URBAN_TRAFFIC,51.51816700,0.439548000,20080122,0,"NO,NO2,NOx,PM10,PM2p5,SO2,nvPM10,nvPM2p5,vPM10,vPM2p5"
SOTR,Stockton-on-Tees_A1035_Roadside,URBAN_TRAFFIC,54.56581900,-1.315900000,20141202,0,"NO,NO2,NOx"
EAGL,Stockton-on-Tees_Eaglescliffe,URBAN_TRAFFIC,54.51666700,-1.358547000,20080901,0,"NO,NO2,NOx,PM10,PM2p5"
STKR,Stoke-on-Trent_A50_Roadside,URBAN_TRAFFIC,52.98043600,-2.111898000,20150522,0,"NO,NO2,NOx,PM10,nvPM10,vPM10"
STOK,Stoke-on-Trent_Centre,URBAN_BACKGROUND,53.02821000,-2.175133000,19970311,0,"CO,NO,NO2,NOx,O3,PM10,PM2p5,SO2,nvPM10,nvPM2p5,vPM10,vPM2p5"
STOR,Storrington_Roadside,URBAN_TRAFFIC,50.91693200,-0.449548000,20090801,0,"NO,NO2,NOx,PM10,PM2p5,nvPM10,nvPM2p5,vPM10,vPM2p5"
SV,Strath_Vaich,RURAL_BACKGROUND,57.73445600,-4.776583000,19870318,0,"NO,NO2,NOx,O3,SO2"
SUN2,Sunderland_Silksworth,URBAN_BACKGROUND,54.88361000,-1.406878000,20041209,0,"NO,NO2,NOx,O3,PM2p5,SO2,nvPM2p5,vPM2p5"
SUNR,Sunderland_Wessington_Way,URBAN_TRAFFIC,54.91839000,-1.408391000,20150101,0,"NO,NO2,NOx"
SWA1,Swansea_Roadside,URBAN_TRAFFIC,51.63269600,-3.947374000,20060920,0,"CO,NO,NO2,NOx,O3,PM10,PM2p5,SO2,nvPM10,nvPM2p5,vPM10,vPM2p5"
SWHO,Swindon_Walcot,URBAN_BACKGROUND,51.55806100,-1.765678000,20180101,0,"NO,NO2,NOx"
TDHD,Telford_Hollinswood,URBAN_BACKGROUND,52.67347100,-2.436692000,20171101,0,"NO,NO2,NOx"
THUR,Thurrock,URBAN_BACKGROUND,51.47707000,0.317969000,19960901,0,"CO,NO,NO2,NOx,O3,PM10,SO2,nvPM10,vPM10"
TH2,Tower_Hamlets_Roadside,URBAN_TRAFFIC,51.52253000,-0.042155000,19960401,0,"CO,NO,NO2,NOx"
WAL4,Walsall_Woodlands,URBAN_BACKGROUND,52.60562100,-2.030523000,20120501,0,"NO,NO2,NOx,O3"
WAR,Warrington,URBAN_INDUSTRIAL,53.38928000,-2.615358000,20081101,0,"NO,NO2,NOx,PM10,PM2p5,nvPM10,nvPM2p5,vPM10,vPM2p5"
WBKP,West_Bromwich_Kenrick_Park,URBAN_BACKGROUND,52.50833700,-1.986008000,20190401,0,"NO,NO2,NOx"
WEYB,Weybourne,RURAL_BACKGROUND,52.95049000,1.122017000,20010530,0,O3
WFEN,Wicken_Fen,RURAL_BACKGROUND,52.29850000,0.290917000,19971015,0,"NO,NO2,NOx,O3,SO2"
WSMR,Widnes_Milton_Road,URBAN_TRAFFIC,53.36539100,-2.731680000,20150101,0,"NO,NO2,NOx"
WIG5,Wigan_Centre,URBAN_BACKGROUND,53.54914000,-2.638139000,20041008,0,"CO,NO,NO2,NOx,O3,PM10,PM2p5,SO2,nvPM2p5,vPM2p5"
TRAN,Wirral_Tranmere,URBAN_BACKGROUND,53.37287000,-3.022722000,20000514,0,"CO,NO,NO2,NOx,O3,PM10,PM2p5,SO2,nvPM10,nvPM2p5,vPM10,vPM2p5"
WTHG,Worthing_A27_Roadside,URBAN_TRAFFIC,50.83294700,-0.379916000,20161001,0,"NO,NO2,NOx"
WREX,Wrexham,URBAN_TRAFFIC,53.04222000,-3.002778000,20020301,0,"CO,NO,NO2,NOx,PM10,PM2p5,SO2"
YW,Yarner_Wood,RURAL_BACKGROUND,50.59760000,-3.716510000,19870626,0,"NO,NO2,NOx,O3"
YK10,York_Bootham,URBAN_BACKGROUND,53.96751300,-1.086514000,20080101,0,"PM10,PM2p5,nvPM10,nvPM2p5,vPM10,vPM2p5"
YK11,York_Fishergate,URBAN_TRAFFIC,53.95188900,-1.075861000,20080101,0,"NO,NO2,NOx,PM10,PM2p5,nvPM10,nvPM2p5,vPM10,vPM2p5"
BAR2,Barnsley_12,URBAN_BACKGROUND,53.55593000,-1.485153000,19940301,20120717,SO2
BARN,Barnsley,URBAN_BACKGROUND,53.58004500,-1.475865000,19910314,19940321,SO2
BATH,Bath_Roadside,URBAN_TRAFFIC,51.39112700,-2.354155000,19961118,20190930,"CO,NO,NO2,NOx"
BEL4,Belfast_Clara_St,SUBURBAN_BACKGROUND,54.59125600,-5.895460000,19980601,20070101,PM10
BEL,Belfast_East,URBAN_BACKGROUND,54.59653000,-5.901667000,19890906,20070930,SO2
BIR,Bircotes,URBAN_BACKGROUND,53.42285500,-1.054946000,19890914,19910311,SO2
BIRM,Birmingham_Centre,URBAN_BACKGROUND,52.47972400,-1.908078000,19920318,20090114,"CO,NO,NO2,NOx,O3,PM10,PM2p5,SO2,nvPM10,nvPM2p5,vPM10,vPM2p5"
BIR2,Birmingham_East,URBAN_BACKGROUND,52.49763000,-1.831498000,19930804,20001231,"CO,NO,NO2,NOx,O3,PM10,SO2"
BHAM,Birmingham_Kerbside,URBAN_TRAFFIC,52.32805700,-1.907512000,19740313,19780117,CO
BLAC,Blackpool,URBAN_BACKGROUND,53.79046000,-3.029283000,20000808,20041111,"CO,NO,NO2,NOx,O3,PM10,SO2"
BLCB,Blackburn_Darwen_Roadside,URBAN_TRAFFIC,53.71550400,-2.483815000,20090615,20140317,"NO,NO2,NOx"
BOLT,Bolton,URBAN_BACKGROUND,53.57232000,-2.439583000,19970203,20080630,"CO,NO,NO2,NOx,O3,PM10,SO2"
BRAD,Bradford_Centre,URBAN_BACKGROUND,53.79339000,-1.748694000,19971128,20070930,"CO,NO,NO2,NOx,O3,PM10,SO2"
BRN,Brentford_Roadside,URBAN_TRAFFIC,51.48944800,-0.310121000,20030620,20070930,"CO,NO,NO2,NOx"
BRIT,Brighton_Roadside,URBAN_TRAFFIC,50.82354000,-0.137281000,19980210,20101231,"CO,NO,NO2,NOx"
BRT2,Brighton_Roadside_PM10,URBAN_TRAFFIC,50.82350000,-0.136924000,20030228,20080529,PM10
BRIS,Bristol_Centre,URBAN_BACKGROUND,51.45718000,-2.585622000,19930104,20050915,"CO,NO,NO2,NOx,O3,PM10,SO2"
BRS2,Bristol_Old_Market,URBAN_TRAFFIC,51.45603000,-2.583519000,19960701,20120831,"CO,NO,NO2,NOx"
BY1,Bromley_Roadside,URBAN_TRAFFIC,51.40710000,0.020128000,19980706,19970502,"CO,NO,NO2,NOx"
BURY,Bury_Roadside,URBAN_TRAFFIC,53.53911000,-2.289611000,19970120,20120906,"CO,NO,NO2,NOx,O3,PM10,PM2p5,SO2,nvPM10,nvPM2p5,vPM10,vPM2p5"
CAMB,Cambridge,URBAN_TRAFFIC,51.99580400,0.037756000,19741101,19780301,CO
CAR,Cardiff_Kerbside,URBAN_TRAFFIC,51.48243100,-3.177940000,19730728,19761123,"CO,O3"
CLL,Central_London,URBAN_BACKGROUND,51.49472200,-0.138333000,19720701,19900820,"CO,NO,NO2,NOx,O3,SO2"
CHS6,Chesterfield,URBAN_BACKGROUND,53.23058300,-1.433611000,20080313,20140520,"NO,NO2,NOx,PM10,PM2p5,nvPM10,nvPM2p5,vPM10,vPM2p5"
CHIL,Chilworth,SUBURBAN_BACKGROUND,50.96270600,-1.424677000,19750418,19751010,O3
COV2,Coventry_Centre,URBAN_BACKGROUND,52.41345000,-1.522133000,19970218,20001231,"CO,NO,NO2,NOx,O3,SO2"
DERY,Derry,URBAN_BACKGROUND,55.00122500,-7.329115000,19970429,20160229,"CO,NO,NO2,NOx,O3,PM10,PM2p5,SO2,nvPM10,nvPM2p5,vPM10,vPM2p5"
EK,East_Kilbride,SUBURBAN_BACKGROUND,55.75473700,-4.171789000,19750508,19751009,O3
ED,Edinburgh_Centre,URBAN_BACKGROUND,55.95197000,-3.195775000,19921004,20031013,"CO,NO,NO2,NOx,O3,PM10,SO2"
FEA,Featherstone,URBAN_BACKGROUND,53.67022200,-1.352146000,19890914,19910313,SO2
GLA3,Glasgow_Centre,URBAN_BACKGROUND,55.85773000,-4.255161000,19960726,20120816,"CO,NO,NO2,NOx,O3,PM10,PM2p5,SO2,nvPM10,nvPM2p5,vPM10,vPM2p5"
GLA,Glasgow_City_Chambers,URBAN_BACKGROUND,55.86041400,-4.245959000,19870106,20110316,"CO,NO,NO2,NOx"
GLAS,Glasgow_Hope_St,URBAN_TRAFFIC,55.85831700,-4.259062000,19730627,19821028,"CO,NO,NO2,NOx,SO2"
HAR,Harwell,RURAL_BACKGROUND,51.57107800,-1.325283000,19950101,20151231,"C5H8,NO,NO2,NOx,O3,PM10,PM2p5,SO2,nvPM10,nvPM2p5,vPM10,vPM2p5,MARGA"
HS1,Hounslow_Roadside,URBAN_TRAFFIC,51.48965000,-0.308975000,19970916,20021116,"CO,NO,NO2,NOx"
HOVE,Hove_Roadside,URBAN_TRAFFIC,50.82778000,-0.170294000,19970916,20070930,"CO,NO,NO2,NOx,SO2"
HULL,Hull_Centre,URBAN_BACKGROUND,53.74479000,-0.338322000,19940104,20020117,"CO,NO,NO2,NOx,O3,PM10,SO2"
LEIC,Leicester_Centre,URBAN_BACKGROUND,52.63134800,-1.133006000,19940104,20131025,"CO,NO,NO2,NOx,O3,PM10,PM2p5,SO2,nvPM10,nvPM2p5,vPM10,vPM2p5"
LINC,Lincoln_Roadside,URBAN_TRAFFIC,53.22889000,-0.537895000,19970506,19991222,"NO,NO2,NOx"
LIVR,Liverpool_Centre,URBAN_BACKGROUND,53.40845000,-2.980249000,19930423,20020923,"CO,NO,NO2,NOx,O3,PM10,SO2"
A3,London_A3_Roadside,URBAN_TRAFFIC,51.37348000,-0.291853000,19970320,20070930,"CO,NO,NO2,NOx,PM10"
BREN,London_Brent,URBAN_BACKGROUND,51.58976900,-0.276223000,19960126,20071231,"CO,NO,NO2,NOx,O3,PM10,SO2"
BRI,London_Bridge_Place,URBAN_BACKGROUND,51.49521000,-0.141655000,19900703,19991130,"CO,NO,NO2,NOx,O3,SO2"
BY2,London_Bromley,URBAN_TRAFFIC,51.40555000,0.018869000,19980811,20070930,"CO,NO,NO2,NOx"
CAN,London_Canvey,URBAN_INDUSTRIAL,51.53308000,0.567837000,19770510,19800822,"CO,NO,NO2,NOx,O3"
CRD2,London_Cromwell_Road,URBAN_TRAFFIC,51.49492000,-0.180564000,19730222,19960912,"CO,NO,NO2,NOx,O3,SO2"
CRD2,London_Cromwell_Road_2,URBAN_TRAFFIC,51.49548300,-0.178709000,19980520,20121003,"CO,NO,NO2,NOx,SO2"
HG2,London_Haringey,URBAN_BACKGROUND,51.58603000,-0.126486000,19960516,20121109,"NO,NO2,NOx,O3"
HK4,London_Hackney,URBAN_BACKGROUND,51.55877000,-0.056592000,19970106,20070930,"CO,NO,NO2,NOx,O3"
HARR,London_Harrow,SUBURBAN_BACKGROUND,51.57389000,-0.352051000,19790730,19801003,"CO,NO,NO2,NOx,O3,SO2"
ISL,London_Islington,URBAN_BACKGROUND,51.53136200,-0.096954000,19760709,19781011,"NO,NO2,NOx,O3"
LW1,London_Lewisham,URBAN_BACKGROUND,51.44541000,-0.020139000,19970416,20070930,"NO,NO2,NOx,O3,SO2"
SK1,London_Southwark,URBAN_BACKGROUND,51.49055000,-0.096667000,19970228,20070930,"CO,NO,NO2,NOx,O3,SO2"
SUT3,London_Sutton,SUBURBAN_BACKGROUND,51.36789000,-0.165489000,19960401,20020502,"NO,NO2,NOx,O3"
WA2,London_Wandsworth,URBAN_BACKGROUND,51.45696000,-0.191164000,19960401,20070930,"NO,NO2,NOx,O3"
MAN,Manchester_Town_Hall,URBAN_BACKGROUND,53.47850000,-2.244800000,19910808,20070930,"CO,NO,NO2,NOx"
MOLD,Mold,SUBURBAN_BACKGROUND,53.16230600,-3.144889000,20091202,20131231,"NO,NO2,NOx,O3"
NTO2,Northampton_PM10,URBAN_BACKGROUND,52.27349000,-0.886000000,20010405,20070930,PM10
NOR2,Norwich_Centre,URBAN_BACKGROUND,52.63203000,1.295019000,19970724,20080513,"CO,NO,NO2,NOx,O3,PM10,SO2"
NO10,Norwich_Forum_Roadside,URBAN_TRAFFIC,52.62817000,1.291714000,20050408,20070930,"NO,NO2,NOx"
NOR1,Norwich_Roadside,URBAN_TRAFFIC,52.62200000,1.299064000,19970621,20050214,"NO,NO2,NOx"
NTON,Northampton,URBAN_BACKGROUND,52.27349000,-0.885933000,20010112,20120709,"CO,NO,NO2,NOx,O3,PM10,PM2p5,SO2"
PT,Port_Talbot,URBAN_INDUSTRIAL,51.57980000,-3.761690000,19970109,20070724,"NO,NO2,NOx,O3,PM10,PM2p5,SO2,nvPM10,vPM10"
READ,Reading,URBAN_BACKGROUND,51.45352000,-0.955180000,19970717,20030206,"CO,NO,NO2,NOx,O3,PM10,SO2"
REDC,Redcar,SUBURBAN_BACKGROUND,54.61073500,-1.073300000,19970625,20070930,"CO,NO,NO2,NOx,O3,PM10,SO2"
ROTH,Rotherham_Centre,URBAN_BACKGROUND,53.43186000,-1.354444000,19970620,20070930,"NO,NO2,NOx,O3,SO2"
RUGE,Rugeley,URBAN_BACKGROUND,52.75329700,-1.937730000,19910321,19920917,SO2
SALT,Saltash_Roadside,URBAN_TRAFFIC,50.41310000,-4.230300000,20080730,20100831,"PM10,PM2p5,nvPM10,nvPM2p5,vPM10,vPM2p5"
OLDB,Sandwell_Oldbury,URBAN_BACKGROUND,52.50431000,-2.017629000,19970627,19980921,"CO,NO,NO2,NOx,O3,SO2"
SHE2,Sheffield_Centre,URBAN_BACKGROUND,53.37772000,-1.473306000,19951222,20130923,"CO,NO,NO2,NOx,O3,PM10,PM2p5,SO2,nvPM10,nvPM2p5,vPM10,vPM2p5"
OX3,Oxford_St_Ebbes,URBAN_BACKGROUND,51.74480600,-1.260270000,20080101,20100603,"NO,NO2,NOx,PM10,PM2p5,nvPM10,nvPM2p5,vPM10,vPM2p5"
WBRO,Sandwell_West_Bromwich,URBAN_BACKGROUND,52.52062000,-1.995556000,19981104,20111231,"CO,NO,NO2,NOx,O3,SO2"
SCUN,Scunthorpe,URBAN_INDUSTRIAL,53.58499000,-0.633015000,19971215,20040318,"PM10,SO2"
SOM,Somerton,RURAL_BACKGROUND,51.03572000,-2.735253000,19960126,20080305,"NO,NO2,NOx,O3"
SK2,Southwark_Roadside,URBAN_TRAFFIC,51.48199000,-0.062300000,19940401,20060208,"CO,NO,NO2,NOx,SO2"
STE,Stevenage,SUBURBAN_BACKGROUND,51.88694400,-0.200833000,19760622,19940429,"CO,NO,NO2,NOx,O3,SO2"
STEW,Stewartby,URBAN_INDUSTRIAL,52.07194400,-0.511111000,20071126,20081231,SO2
STOC,Stockport,URBAN_BACKGROUND,53.40994000,-2.158200000,19961125,20021003,"CO,NO,NO2,NOx,PM10,SO2"
STK4,Stockport_Shaw_Heath,URBAN_BACKGROUND,53.40306000,-2.161111000,20021009,20070930,"CO,NO,NO2,NOx,PM10,SO2"
YARM,Stockton-on-Tees_Yarm,URBAN_TRAFFIC,54.50918000,-1.354319000,20010101,20080902,"CO,NO,NO2,NOx,PM10"
SUND,Sunderland,URBAN_BACKGROUND,54.90610600,-1.380081000,19921006,20070930,SO2
SUT1,Sutton_Roadside,URBAN_TRAFFIC,51.36636000,-0.182789000,19960401,20020502,"CO,NO,NO2,NOx,PM10,SO2"
SWAN,Swansea,URBAN_BACKGROUND,51.62114000,-3.943329000,19941201,20060807,"CO,NO,NO2,NOx,O3,PM10,SO2"
WAL,Walsall_Alumwell,URBAN_BACKGROUND,52.58167000,-2.010483000,19870305,20070930,"NO,NO2,NOx"
WAL2,Walsall_Willenhall,URBAN_BACKGROUND,52.60821000,-2.033144000,19970429,20100203,"NO,NO2,NOx"
WL,West_London,URBAN_BACKGROUND,51.49380000,-0.200361000,19870101,20070930,"CO,NO,NO2,NOx"
WC,Wharleycroft,RURAL_BACKGROUND,54.61623800,-2.468931000,19850508,19951128,O3
WIG3,Wigan_Leigh,URBAN_BACKGROUND,53.49422000,-2.506899000,20010101,20040928,"CO,NO,NO2,NOx,O3,PM10,SO2"
WOLV,Wolverhampton_Centre,URBAN_BACKGROUND,52.58818000,-2.129008000,19951219,20070930,"CO,NO,NO2,NOx,O3,PM10,SO2,nvPM10,vPM10"
WRAY,Wray,RURAL_BACKGROUND,54.10466600,-2.584182000,19850401,19880229,O3
